2025年国产历史战争片《南京照相馆》BD国语中字,magnet:?xt=urn:btih:037c712b2fcd776e88248aeb9a710560bfb93d5d&dn=[电影天堂www.dytt8899.com]南京照相馆-2025_BD国语中字.mp4&tr=http://t.t789.me:2710/announce&tr=http://t.t789.co:2710/announce&tr=http://t.t789.vip:2710/announce
2025年韩国喜剧片《超异能特攻》BD韩语中字,magnet:?xt=urn:btih:707aec0cf74d25a04ea1c06c072570e752497ad0&dn=[电影天堂www.dytt8899.com]超异能特攻-2025_BD韩语中字.mp4&tr=http://t.t789.me:2710/announce&tr=http://t.t789.co:2710/announce&tr=http://t.t789.vip:2710/announce
2025年美国动作片《惊天魔盗团3》HD中英双字修正版,magnet:?xt=urn:btih:a6067ea59ac57f9691ff45b9eb5534394bf450d2&dn=[电影天堂www.dytt8899.com]惊天魔盗团3-2025_HD中英双字修正版.mp4&tr=http://t.t789.me:2710/announce&tr=http://t.t789.co:2710/announce&tr=http://t.t789.vip:2710/announce
2025年美国7.2分恐怖爱情片《同甘共苦》BD中英双字,magnet:?xt=urn:btih:34221b3152b68a48138c5408693b1f0eb9fdec04&dn=[电影天堂www.dytt8899.com]同甘共苦-2025_BD中英双字.mp4&tr=http://t.t789.me:2710/announce&tr=http://t.t789.co:2710/announce&tr=http://t.t789.vip:2710/announce
2025年国产战争片《731》HD国语中英双字,magnet:?xt=urn:btih:63e257b72771bb742dfea5e01f4ee8a20cba6f77&dn=[电影天堂www.dytt8899.com]731-2025_HD国语中英双字.mp4&tr=http://t.t789.me:2710/announce&tr=http://t.t789.co:2710/announce&tr=http://t.t789.vip:2710/announce
2025年美国7.5分喜剧片《利刃出鞘3》HD中英双字修正版,magnet:?xt=urn:btih:0a80a6bb7423d2c38a69fa9e6447ddf8489b2da4&dn=[电影天堂www.dytt8899.com]利刃出鞘3-2025_HD中英双字修正版.mp4&tr=http://t.t789.me:2710/announce&tr=http://t.t789.co:2710/announce&tr=http://t.t789.vip:2710/announce
2025年美国7.1分喜剧片《拯救地球》BD中英双字,magnet:?xt=urn:btih:cc2c09e9005c50e8b7941e03d68a687fccdb3d2b&dn=[电影天堂www.dytt8899.com]拯救地球-2025_BD中英双字.mp4&tr=http://t.t789.me:2710/announce&tr=http://t.t789.co:2710/announce&tr=http://t.t789.vip:2710/announce
2021年法国8.0分奇幻片《小妈妈》BD中英双字,magnet:?xt=urn:btih:f91a5022d8811066b326df8e73990f53e5125bcc&dn=[电影天堂www.dytt8899.com]小妈妈-2021_BD中英双字.mp4&tr=http://t.t789.me:2710/announce&tr=http://t.t789.co:2710/announce&tr=http://t.t789.vip:2710/announce
2025年美国动作片《猎杀游戏》HD中英双字,magnet:?xt=urn:btih:c9abe792e41a8ee2747ac175d8230023108779d0&dn=[电影天堂www.dytt8899.com]猎杀游戏-2025_HD中英双字.mp4&tr=http://t.t789.me:2710/announce&tr=http://t.t789.co:2710/announce&tr=http://t.t789.vip:2710/announce
2025年国产动作片《刺杀小说家2》HD国语中字,magnet:?xt=urn:btih:38b3f18cee2d3f173a7576bcfbdfeb5a7c8da3e3&dn=[电影天堂www.dytt8899.com]刺杀小说家2-2025_HD国语中字.mp4&tr=http://t.t789.me:2710/announce&tr=http://t.t789.co:2710/announce&tr=http://t.t789.vip:2710/announce
2025年国产剧情片《下一个台风》HD国语中英双字,magnet:?xt=urn:btih:bb41c21f316eb2bfe12ff044e53fcabc1354f7f7&dn=[电影天堂www.dytt8899.com]下一个台风-2025_HD国语中英双字.mp4&tr=http://t.t789.me:2710/announce&tr=http://t.t789.co:2710/announce&tr=http://t.t789.vip:2710/announce
2025年韩国6.3分动作片《全知读者视角》BD韩语中字,magnet:?xt=urn:btih:7dbdb5eb9446168586c2f6ab27ee74393aed1976&dn=[电影天堂www.dytt8899.com]全知读者视角：灭世预言-2025_BD韩语中字.mp4&tr=http://t.t789.me:2710/announce&tr=http://t.t789.co:2710/announce&tr=http://t.t789.vip:2710/announce
2025年泰国7.4分喜剧恐怖片《冥婚红包》BD泰语中字,magnet:?xt=urn:btih:845346372be81e6e3837b118d6cfde18245de35f&dn=[电影天堂www.dytt8899.com]冥婚红包-2025_BD泰语中字.mp4&tr=http://t.t789.me:2710/announce&tr=http://t.t789.co:2710/announce&tr=http://t.t789.vip:2710/announce
2023年中国台湾6.8分剧情片《小晓》HD国语中字,magnet:?xt=urn:btih:f3d5a85173bf5933f38da0305a8753fc0b78d80e&dn=[电影天堂www.dytt8899.com]小晓-2023_HD国语中字.mp4&tr=http://t.t789.me:2710/announce&tr=http://t.t789.co:2710/announce&tr=http://t.t789.vip:2710/announce
2025年西班牙7.4分剧情片《接近终点》BD西班牙语中字,magnet:?xt=urn:btih:174b7be4bb33839df8ee4ec90f6a301266febdb2&dn=[电影天堂www.dytt8899.com]接近终点-2025_BD西班牙语中字.mp4&tr=http://t.t789.me:2710/announce&tr=http://t.t789.co:2710/announce&tr=http://t.t789.vip:2710/announce
